{
  "Routes": [
    {
      "DownstreamPathTemplate": "/api/Product",
      "DownstreamScheme": "https",
      "DownstreamHostAndPorts": [
        {
          "Host": "localhost",
          "Port": 44325
        }
      ],
      "UpstreamPathTemplate": "/Product",
      "UpstreamHttpMethod": [ "Get","Post" ]
    },
    {
      "DownstreamPathTemplate": "/api/Order",
      "DownstreamScheme": "https",
      "DownstreamHostAndPorts": [
        {
          "Host": "localhost",
          "Port": 7117
        }
      ],
      "UpstreamPathTemplate": "/Order",
      "UpstreamHttpMethod": [ "Get", "Post" ]
    }
  ]
}
